{"cameraMode":{"drawMode":0,"name":"Shaded","section":"Shading Mode"},"sceneLighting":true,"audioPlay":false,"sceneViewState":{"m_AlwaysRefresh":false,"showFog":true,"showSkybox":true,"showFlares":true,"showImageEffects":true,"showParticleSystems":true,"showVisualEffectGraphs":true,"m_FxEnabled":false},"in2DMode":false,"pivot":{"x":0.7964110374450684,"y":-3.0546393394470217,"z":24.49304962158203},"rotation":{"x":-0.0019595748744904997,"y":0.9962980151176453,"z":-0.08269243687391281,"w":-0.023614315316081048},"size":0.7794474363327026,"orthographic":false}